feature,importance_shap
flavor,0.952241416041012
balance,0.3841110226019252
clean_cup,0.3305669171876435
aftertaste,0.32406148369772503
sweetness,0.1987882569117299
uniformity,0.1732327670534672
acidity,0.12078004404803963
aroma,0.11543140551667401
body,0.11202700464202608
category_two_defects,0.008671951584218043
moisture,0.007110156205495696
category_one_defects,0.006057711398554342
quakers,0.002192493132630093
