feature,importance_rf
flavor,0.46893394295896407
clean_cup,0.19848767781917628
aftertaste,0.12150357868325226
balance,0.0687598196335035
sweetness,0.05052549842549049
uniformity,0.029799095707023146
acidity,0.021086332339065265
aroma,0.016702185774601277
body,0.013341746046400706
category_two_defects,0.0043877643916895625
moisture,0.00362352584258156
category_one_defects,0.002224217750175884
quakers,0.0006246146280761752
